title,company,location,link
Senior Software Engineer - Python,YouGov,"Warsaw, Poland",https://stackoverflow.com/jobs/422635
"Python/Django Developer, Lausanne",MoneyPark,"Lausanne, Switzerland",https://stackoverflow.com/jobs/443600
Python Software Engineer,bloomon,"Amsterdam, Netherlands",https://stackoverflow.com/jobs/286140
Senior Backend Engineer (Python/Django),Financial Technology Partners,"San Francisco, CA",https://stackoverflow.com/jobs/446918
Python Software Developer,"Old Mission Capital, LLC","Chicago, IL",https://stackoverflow.com/jobs/237203
Vice President - Software Engineering (Python),"JPMorgan Chase Bank, N.A.","Hyderabad, India",https://stackoverflow.com/jobs/445610
Backend Developer – Python/Django,5 Monkeys Agency AB,"Göteborg, Sweden",https://stackoverflow.com/jobs/443603
Backend Developer – Python/Django,5 Monkeys Agency AB,"Stockholm, Sweden",https://stackoverflow.com/jobs/443604
Python Django Developers,Brand Catalyst Media,"Mumbai, India",https://stackoverflow.com/jobs/405244
Python Developer,GeekyWorks,"Pune, India",https://stackoverflow.com/jobs/408881
Python Developer,InfoMagnus,"Hyderabad, India",https://stackoverflow.com/jobs/343508
Senior Full-stack web developer - Python,CBOE Global MarketsviaHays plc,"London, UK",https://stackoverflow.com/jobs/355023
"Backend Software Engineer (Python, Node.js)",F-Secure,"Helsinki, Finland",https://stackoverflow.com/jobs/430333
Software Developer (Java / Javascript / Python) - progress to SDET,Nominet,"Oxford, UK",https://stackoverflow.com/jobs/445445
Python Software Engineer - Glasgow - Associate,"JPMorgan Chase Bank, N.A.","Glasgow, UK",https://stackoverflow.com/jobs/445241
Python Backend Developer,Werum IT Solutions - inCyght Data Science,"Budapest, Ungarn",https://stackoverflow.com/jobs/372243
Mid-Level Backend Software Engineer (Python / Django),"Tivix, Inc.","Wrocław, Poland",https://stackoverflow.com/jobs/420639
Junior Python Backend Developer,Finpoint,"Bengaluru, India",https://stackoverflow.com/jobs/349727
Backend Software Engineer (Python or Java),F-Secure,"Helsinki, Finland",https://stackoverflow.com/jobs/430332
Backend Software Engineer - Python,Neo4j,"Malmö, Sweden",https://stackoverflow.com/jobs/442180
Software Engineer-Python,"JPMorgan Chase Bank, N.A.","Mumbai, India",https://stackoverflow.com/jobs/443210
Python Developer,Sparx IT Solutions Pvt. Ltd,"Noida, India",https://stackoverflow.com/jobs/443807
senior python developer,HaysviaHays plc,"London, UK",https://stackoverflow.com/jobs/387197
Python Developer/Bangalore,Talent Zone Consultants,"Bengaluru, India",https://stackoverflow.com/jobs/413984
Python/Django Developer,Spiria Digital,"Oakville, ON, Canada",https://stackoverflow.com/jobs/409892
Backend Software Engineer (Python),Finsera,No office location,https://stackoverflow.com/jobs/359294
Senior Backend Developer Python/AWS/Microservices,Avira,"Bukarest, Rumänien",https://stackoverflow.com/jobs/445024
Backend Software Engineer (Python or Java),F-Secure,"Helsinki, Finland",https://stackoverflow.com/jobs/430332
Python Developers,JB Solutions,,https://stackoverflow.com/jobs/419998
Python Developer/Senior Python Developer,Crebritech,"Noida, India",https://stackoverflow.com/jobs/384512
Junior Python Backend Developer,Finpoint,"Bengaluru, India",https://stackoverflow.com/jobs/349727
Senior Python Engineer,Bulb Energy,"London, UK",https://stackoverflow.com/jobs/396265
Python Developer,De La Rue North America Holdings,"Logan, UT",https://stackoverflow.com/jobs/431392
Senior Backend Engineer - Python + AWS,Babbel (Lesson Nine GmbH),"Berlin, Germany",https://stackoverflow.com/jobs/446559
Sr. Python Software Engineer,Global Reach Consulting LLC,"Reston, VA",https://stackoverflow.com/jobs/417839
Senior Python Engineer for Booking Backend Tribe,Kiwi.com,"Prague, Czechia",https://stackoverflow.com/jobs/410394
Senior Python Back End Engineer (Remote-Brazil),Loadsmart,No office location,https://stackoverflow.com/jobs/430974
Pythonエンジニア/システムインテグレータ・ソフトハウス,株式会社 ゼロフィールド,"Minato City, Japan",https://stackoverflow.com/jobs/402856
Python/Django Developer,Spiria Digital,"Oakville, ON, Canada",https://stackoverflow.com/jobs/409892
Senior Python Backend Developer,Finpoint,"Bengaluru, India",https://stackoverflow.com/jobs/349797
Full Stack Developer (m/w/d) Python,Haufe Group,"Freiburg im Breisgau, Germany",https://stackoverflow.com/jobs/445839
Senior Python Engineer,Cover Genius,"Sydney, Australia",https://stackoverflow.com/jobs/416623
(Senior) Full-Stack Software Engineer who loves Python,Advertima,"Berlin, Germany",https://stackoverflow.com/jobs/422932
Senior Backend Engineer - Python,APNATIME TECH PRIVATE LIMITED,No office location,https://stackoverflow.com/jobs/411044
Python Developer,Spiria Digital,"Gatineau, QC, Canada",https://stackoverflow.com/jobs/420646
Python Developer,Nesh Technologies,"Chennai, India",https://stackoverflow.com/jobs/427932
Python Software Engineer (40h/wk),Channable,"Utrecht, Netherlands",https://stackoverflow.com/jobs/265091
Software Engineering - Python,"JPMorgan Chase Bank, N.A.","Glasgow, UK",https://stackoverflow.com/jobs/442412
Remote Senior Developer (Python / AWS),JBS Custom Software Solutions,No office location,https://stackoverflow.com/jobs/154633
Sr. Python Developer,Cure delivery technologies pvt Ltd,"Ernakulam, India",https://stackoverflow.com/jobs/438349
